age,gender,parental_education,study_hours,attendance_rate,previous_grade,extracurricular,family_income,internet_access,tutoring,pass
22,Female,Bachelor,28,0.6473096981730966,57.943965492263075,0,High,1,1,1
19,Male,High School,29,0.5071576388335299,56.46608555379416,1,Medium,0,1,0
23,Male,Master,38,0.868934759280765,52.78782957143072,1,Low,1,1,1
20,Male,High School,43,0.9170722985003379,47.13234380233295,0,Medium,0,0,0
22,Male,High School,46,0.8702380659767596,54.10546835592213,0,Medium,0,1,0
18,Female,PhD,24,0.5714251436504193,59.54258616606383,0,Low,0,1,0
22,Female,Bachelor,36,0.8767139611284845,77.06968144801517,1,Medium,0,1,1
23,Male,Master,46,0.8844613910538205,43.44106632206984,0,Low,1,0,0
20,Male,High School,7,0.8292702578350275,51.577881681593865,1,Medium,0,0,0
19,Male,High School,41,0.8830579663977931,84.4963002160422,1,Low,1,1,1
23,Male,Master,15,0.9229607198388661,48.08070579710739,1,High,1,1,0
23,Male,High School,7,0.8068020571187292,58.84548305873868,0,Medium,0,1,0
18,Male,PhD,0,0.5443023569848395,87.5562407021977,1,Low,0,0,0
21,Female,PhD,43,0.7438139048336054,48.52089211288934,0,Medium,1,0,0
20,Male,PhD,4,0.5388246673358026,44.550525959000446,0,Medium,1,0,0
17,Female,PhD,2,0.7037715155162154,66.64958972940059,0,Medium,0,1,0
23,Female,High School,0,0.7035532445628139,56.6330731203195,1,Low,0,0,0
21,Male,Master,3,0.5330049220701207,70.98746004661197,1,High,0,1,0
17,Female,Master,39,0.6744102669847396,84.20926897659113,1,High,0,1,1
20,Female,Master,34,0.5554990493956574,47.54316684840087,0,High,0,0,0
16,Female,Master,31,0.9041176050046111,71.93844965048567,1,Low,1,1,1
21,Female,Bachelor,41,0.9738440129822354,67.80298182144251,1,High,0,0,1
24,Female,Master,33,0.5361582376289693,47.92433323072598,1,Low,0,1,1
16,Female,Bachelor,42,0.9775576036458506,74.31991670409403,1,Medium,1,1,1
18,Male,Bachelor,24,0.7612882996683725,55.05022298234244,1,Medium,0,0,1
22,Female,PhD,9,0.6497828389769369,66.83088751992068,0,High,0,1,0
19,Female,Bachelor,20,0.5384310376380818,44.5249778352384,0,Low,1,1,0
24,Female,High School,45,0.7503121340352089,65.27712314674926,0,Medium,0,1,1
18,Male,Bachelor,38,0.8972577722453743,56.855490742355116,0,Low,1,1,0
20,Female,PhD,26,0.853543238633349,85.23096661519449,1,Low,0,1,1
18,Male,Bachelor,26,0.5251130057319868,43.133829984855254,0,Medium,0,1,0
22,Female,High School,1,0.5364509176839518,63.02340012050814,1,Low,0,1,0
20,Male,High School,40,0.7014366413163186,65.21372832722909,0,Medium,1,1,0
24,Male,High School,47,0.6476452470239716,79.87533419645153,0,Medium,1,0,1
22,Female,PhD,12,0.6161921615280239,71.58581662996161,0,Medium,1,0,0
17,Female,PhD,8,0.6405022494543569,76.69667854567996,1,Low,1,1,1
19,Male,Master,35,0.9017413716484424,82.73771071084659,1,Medium,0,1,1
24,Female,PhD,21,0.9646140268159269,87.42116355120038,0,Low,1,0,1
17,Male,High School,41,0.7025513472637832,57.26315231973588,1,Medium,1,1,1
24,Male,High School,25,0.9530555010662485,69.59124879501466,0,Medium,1,0,1
20,Male,PhD,11,0.660747850623941,86.205944314156,0,High,0,0,1
17,Male,Bachelor,16,0.7382184931718958,94.4198122030781,0,High,0,0,0
19,Male,PhD,13,0.6130144989079999,88.92356210740698,1,High,1,1,1
22,Female,PhD,13,0.820238021087922,60.430699444340725,0,Low,1,1,0
23,Male,High School,33,0.9894905575874045,50.73415844702578,0,Low,0,1,0
18,Male,Master,19,0.8017465480216893,66.91658955736239,0,Medium,1,0,0
16,Female,High School,10,0.6789070420567744,80.79027985098233,1,Medium,1,0,0
19,Male,Master,15,0.8239087229952642,67.09129889143136,0,Medium,1,0,0
17,Female,High School,30,0.5614603392326938,66.57494748225176,1,Medium,1,1,1
23,Female,PhD,5,0.9443295401326993,86.10267315949903,0,Low,0,0,1
19,Female,High School,18,0.7515419753899182,59.87720784869525,1,Medium,0,0,1
17,Male,High School,36,0.724674871019821,87.28870711464052,0,Medium,0,1,1
21,Male,High School,3,0.7929323942267597,62.3742640523448,0,High,1,0,1
21,Male,PhD,46,0.8123919313947012,58.05282081230867,1,Medium,1,0,1
19,Female,PhD,3,0.5358879031132565,64.96944511598345,1,Medium,0,1,0
21,Male,PhD,19,0.8413086106117011,81.93458272711777,0,Medium,0,1,0
17,Female,PhD,9,0.6209658401577648,46.93011153251969,1,Low,0,0,0
17,Male,Master,23,0.8569763162532948,50.80305687296096,0,High,1,1,0
19,Female,Master,34,0.9112673971920984,92.32946541147007,0,Medium,0,0,1
23,Male,Bachelor,25,0.9019792537762601,49.652039505974656,0,Medium,1,1,0
22,Male,PhD,36,0.7762504837039446,71.225002486208,1,High,1,0,1
24,Male,Master,37,0.7600849461553756,71.86229566640658,0,Medium,0,1,1
23,Female,High School,20,0.5714379806697059,66.92934541276347,1,Low,0,0,0
20,Female,PhD,39,0.8876730752015678,75.46098867172502,0,Medium,1,1,1
17,Male,Bachelor,38,0.6357046902233572,52.640469918869016,1,Low,0,1,1
20,Male,Bachelor,20,0.7483477114089733,70.39642472772115,1,Low,0,1,0
23,Female,Bachelor,9,0.6421370464637584,60.46952903857934,0,Medium,1,1,0
24,Female,High School,37,0.5669141814998466,76.3916992796054,1,High,1,1,1
24,Female,Master,45,0.8147788484458682,47.76729488552322,0,Low,1,1,1
16,Male,High School,3,0.5271660174114519,71.3982579261712,0,High,1,1,0
24,Female,PhD,44,0.8743226170631,50.189869546082804,0,Medium,1,0,0
22,Male,Bachelor,19,0.6587933976305583,55.325368471327,0,Low,0,0,0
24,Female,High School,16,0.5000673465022427,52.029039017797075,0,Medium,1,1,0
23,Male,High School,6,0.7555645696186148,50.05607789278494,1,High,1,1,0
16,Female,Master,3,0.5234259542638016,85.41410233583667,0,Medium,1,0,0
23,Female,Master,28,0.6380847789104498,55.71391622134897,1,Medium,0,0,0
23,Female,Bachelor,13,0.8534882437278581,90.99180800254472,1,Low,1,1,1
18,Female,High School,2,0.5313448108109329,93.3459588939855,0,Medium,1,0,0
16,Female,High School,23,0.9196692461780012,71.41932584654035,1,Medium,1,0,1
23,Male,Master,36,0.5019099613292916,47.865061746614955,0,Medium,0,1,1
18,Female,High School,15,0.6234119346009511,60.600153385876965,1,Low,1,1,1
18,Female,High School,3,0.8704520280760357,83.87527448415177,1,High,1,1,0
16,Female,High School,23,0.6581350748646534,60.206490078338874,1,High,1,0,1
20,Male,Master,33,0.5509461940330067,44.78594700665338,0,Medium,0,1,0
22,Female,Bachelor,29,0.6801169594002139,70.62317010105033,1,Low,0,1,0
24,Male,PhD,17,0.6351966431922628,86.48164683228191,0,Medium,0,0,0
22,Female,Bachelor,18,0.9213559510802775,83.77595129289263,1,High,0,1,1
24,Female,PhD,30,0.6566739587925716,49.63177270716943,1,Low,1,0,1
23,Male,High School,18,0.8944662358880036,77.00205379268567,1,High,1,0,1
17,Female,Bachelor,48,0.9459360724053674,52.12773448896059,1,High,0,0,1
16,Male,PhD,45,0.7169087097882647,52.00141440036947,0,Low,0,0,1
22,Male,Master,18,0.9549715719271961,88.07394753178518,0,Low,1,0,1
22,Female,Master,21,0.6886590269815964,53.731792400712656,1,Medium,1,0,1
23,Male,Bachelor,23,0.9820392082450541,54.47860405849062,1,Medium,0,1,1
20,Female,Bachelor,44,0.5446447622627865,40.035936491871475,0,High,0,1,0
18,Female,High School,11,0.8435096332516214,87.88679687690347,0,Low,0,1,1
23,Male,Bachelor,29,0.7469070202284643,83.59271472650241,0,Low,0,0,0
21,Male,High School,37,0.6938244027278235,74.5030914299873,0,Medium,1,1,1
18,Male,High School,30,0.8163559393743005,81.26461701663632,1,High,0,0,1
16,Male,Master,35,0.8519285458171656,48.36267120834705,1,High,0,1,1
18,Female,Master,18,0.5021816348251545,65.20779770231665,0,Medium,1,0,0
20,Female,PhD,47,0.5834765443735994,59.317066304182944,0,Low,1,1,1
18,Male,Master,44,0.8565230253171594,45.157708944135905,0,Medium,1,0,0
16,Female,Master,35,0.8331927067891032,66.73717668682082,0,Medium,1,1,0
20,Female,Bachelor,29,0.9830237525643386,90.64068076884494,0,Medium,1,0,1
22,Female,Master,48,0.8805188951253915,42.2032515477882,0,Medium,0,1,0
22,Female,PhD,32,0.9753863538656691,56.03035024215866,1,Low,0,0,1
24,Male,Bachelor,17,0.8512702507674035,51.414751491313694,1,Medium,0,1,0
18,Male,PhD,48,0.6490261043197216,53.09806595161329,1,Low,1,1,1
22,Female,Master,27,0.5526824611254282,89.96390035336563,0,Medium,0,1,1
16,Male,PhD,46,0.8909119316724678,65.74379798288595,0,High,1,0,1
19,Male,Bachelor,10,0.822074610737958,65.64646771169004,0,Low,0,0,1
19,Male,High School,44,0.5240930061966481,81.83166033504052,1,High,0,0,1
20,Female,PhD,32,0.6800252329504892,48.49707122027092,0,Medium,1,0,0
22,Female,PhD,16,0.978399907742143,66.7995944755028,0,Medium,1,0,0
22,Female,Bachelor,5,0.7502005728551007,63.64918677665828,1,Medium,0,1,0
19,Male,Bachelor,3,0.7163645680098523,72.83008798006608,0,Low,0,0,0
22,Female,PhD,19,0.728849802579647,94.97567367877411,1,High,0,1,1
18,Female,Master,47,0.6044413620025819,82.31968917451259,1,Low,0,1,0
21,Male,PhD,46,0.6843535854323977,61.882613665958495,0,Low,0,0,0
17,Female,Bachelor,26,0.6849066279935883,85.51541787507259,1,Medium,1,1,1
24,Female,High School,14,0.5261775100937363,49.38895998218641,0,High,1,0,0
20,Male,High School,5,0.8837838142589591,41.675502746992805,1,Medium,1,0,0
21,Male,Master,46,0.7082522159519395,51.24466048553502,0,Low,1,0,0
19,Male,PhD,13,0.9110899434082116,58.722635586284284,1,Medium,0,1,0
22,Female,High School,10,0.9251740005599477,68.08194166027579,0,High,0,0,1
24,Female,PhD,38,0.605997027349329,73.83210272976599,1,Medium,1,0,1
22,Female,Bachelor,8,0.8286767410850643,90.0833144467932,1,High,0,0,0
16,Male,High School,25,0.7361409020814909,68.04197052527518,1,High,1,1,1
16,Male,Master,15,0.9400783689607426,67.57016045441512,0,Medium,0,0,0
24,Female,Bachelor,4,0.607870339588227,42.76336554026402,0,Low,0,1,0
24,Female,Master,9,0.838906600155022,41.92013539609231,1,Medium,0,1,0
19,Male,Bachelor,49,0.8038760611263613,70.31379790540046,0,Low,1,0,1
24,Male,High School,2,0.6476507387859164,64.09982372865895,1,Low,1,1,0
18,Male,Master,12,0.5683004518255863,86.15492172391643,0,Medium,1,1,0
22,Male,Master,42,0.8258198802386383,48.83737715915149,1,Low,1,0,1
21,Female,Bachelor,48,0.8692987290661653,41.37344141643773,0,Low,0,0,1
23,Male,Master,29,0.6578136718816749,64.69713223615692,1,Medium,0,0,0
24,Female,Bachelor,44,0.8224163020111569,53.061320621374165,1,Medium,0,1,1
20,Female,Bachelor,5,0.6975654538057516,42.72879053363606,1,Medium,0,0,0
16,Female,Bachelor,16,0.8566034416413089,79.8529057766196,1,Low,1,1,1
18,Male,Bachelor,44,0.5996076374470265,46.13761499764861,0,High,0,1,0
23,Male,High School,18,0.9451075013180872,73.45757250042745,1,Low,0,1,1
21,Male,Bachelor,41,0.6437047982327899,55.4577362591789,0,High,0,1,0
23,Male,PhD,34,0.6838929938780764,49.54228276952621,0,Medium,1,1,1
24,Female,Master,45,0.5290459760401749,60.886333760562465,1,High,1,0,1
19,Male,PhD,25,0.5557561061606382,84.07951769226244,0,Medium,1,0,1
16,Male,High School,4,0.7579309513561641,61.5651467297515,0,Medium,0,1,0
16,Female,PhD,28,0.6337963383639857,81.29233070660806,0,High,1,1,0
19,Male,Master,36,0.9177401128710971,46.90174632395329,1,Medium,0,0,1
22,Female,PhD,19,0.5073466943274769,82.50242808157935,0,High,0,0,0
17,Female,High School,48,0.689547024335968,53.03133286986568,0,Medium,0,1,1
18,Female,Bachelor,20,0.6686727733845463,77.256622143888,1,Low,1,1,0
16,Female,PhD,9,0.5096638154588005,71.1179855162548,1,Low,1,0,0
20,Female,High School,4,0.5621841995002551,91.10295944664281,0,Medium,0,0,0
16,Female,High School,35,0.7068213374593176,61.30273848864228,1,Medium,0,1,1
23,Female,Master,5,0.7464322922237233,43.63908538589423,0,High,1,0,0
16,Female,Master,25,0.7021448736274345,41.05355170531891,0,Low,1,0,1
16,Male,PhD,3,0.7654688392060469,85.47722085350142,0,High,1,1,0
17,Male,Bachelor,38,0.7975658374528407,68.86046007137877,1,Medium,0,1,1
17,Male,High School,38,0.5049619105639178,82.63842285092221,0,Medium,0,1,1
21,Male,PhD,49,0.7320475797267519,52.89340800063331,1,High,0,0,1
22,Female,High School,34,0.9817496204437941,58.97960600322786,1,Medium,1,1,1
20,Male,High School,0,0.7595161400647743,41.65571297162254,0,Low,1,0,0
16,Female,Bachelor,23,0.8387711337294765,92.88207785157617,1,High,1,1,1
16,Male,Bachelor,35,0.6559319289584415,76.73273486854474,1,Low,0,1,1
18,Male,PhD,5,0.8869956890763813,91.32627982676183,1,Low,0,0,1
17,Male,Bachelor,40,0.8864607409380576,54.60230240859898,1,Low,1,0,1
20,Female,Bachelor,45,0.7606480238270694,73.63049861741135,1,High,0,1,1
21,Male,PhD,43,0.9880069116396069,77.31749825609508,0,Medium,1,1,1
22,Female,Bachelor,30,0.5627751073813267,57.465233514167366,1,Low,0,0,1
19,Female,Master,19,0.5084738324447905,86.64600792585966,0,Low,1,1,0
22,Male,High School,23,0.885079105878548,92.09388045951363,0,Low,0,0,1
23,Male,High School,24,0.9035777686824413,88.66703147328025,0,Medium,0,0,1
16,Male,High School,35,0.5601036145602881,80.64868367666548,0,Medium,1,1,1
21,Female,High School,20,0.632791416479303,55.26055738487247,0,High,1,0,0
23,Male,PhD,29,0.5087761816833145,55.48888231580975,0,Medium,1,0,1
20,Female,High School,23,0.6466543053902823,92.98481762453208,1,High,1,0,1
19,Female,High School,43,0.8865709369593358,40.56564727646306,1,High,1,1,1
17,Male,High School,41,0.7589802638562895,79.38274852831795,1,High,0,0,1
21,Male,High School,29,0.674047796584144,78.84353894053942,0,High,1,1,1
21,Female,Master,21,0.6858696474531651,74.24792475223886,1,High,1,1,1
16,Female,High School,27,0.5006768128577341,94.45598653477762,1,Low,1,1,1
24,Female,Master,6,0.6499002637826179,57.15336896700489,1,Medium,0,0,1
21,Male,PhD,34,0.8232293708189653,58.69845250862865,0,Low,1,0,0
18,Female,Bachelor,27,0.9870972219081786,44.34166716206055,1,High,1,1,1
19,Male,High School,13,0.9235304134919498,64.35389750990556,0,Medium,1,1,0
19,Female,Bachelor,9,0.5117974823227646,54.357668942916646,1,Low,0,0,0
18,Female,Bachelor,15,0.9492803023374197,58.88626861977043,0,Low,0,1,0
18,Male,PhD,15,0.891599206649313,85.90144846405951,0,High,1,1,1
18,Female,Bachelor,30,0.8901880617854903,91.45164824401226,0,Low,0,0,1
19,Male,Master,41,0.7289978795017857,50.21531896028521,1,Low,1,1,1
22,Male,Bachelor,24,0.6990026464772514,60.487991235440624,1,Low,0,0,1
19,Female,Bachelor,12,0.6514578644165963,91.07468091634667,0,Low,1,0,0
24,Male,Bachelor,5,0.5328474294771829,43.399465337907245,1,Low,0,1,0
16,Male,High School,43,0.6141176817468496,45.079829046125816,0,High,1,0,0
23,Female,High School,8,0.6233018174890124,48.95350440634262,0,High,1,0,0
22,Male,Master,44,0.7420385348551009,72.7367058769781,1,Low,0,0,1
17,Male,Master,35,0.8737222032983469,48.27597490532986,1,High,1,1,1
23,Male,High School,42,0.7369049141989733,93.24420097979035,1,High,1,1,1
16,Female,Master,19,0.5289222247235803,64.56929899921862,0,Medium,1,1,0
24,Male,High School,17,0.9788949004941019,67.58348781925915,0,Low,1,0,1
24,Female,PhD,42,0.9713621595470561,53.56622386929736,1,High,0,0,0
17,Female,Bachelor,20,0.8925947715742042,65.90281388391034,0,High,1,1,0
22,Male,Bachelor,3,0.9956639507821103,76.40524979503564,1,Low,0,1,1
18,Male,Master,49,0.7722411664001314,81.31474253247235,0,Medium,0,0,0
22,Male,High School,32,0.981384175126603,81.46274454904523,1,Low,0,1,1
24,Female,High School,26,0.5378025203083754,71.78401119817485,1,Medium,0,1,0
19,Male,Master,6,0.6828403741306857,89.73978762466214,0,Low,1,1,0
16,Male,High School,5,0.6126906340033829,84.95743160183602,1,Low,1,1,0
17,Male,PhD,14,0.5979165420671351,81.6376463084244,1,Low,0,1,0
16,Male,Bachelor,17,0.570401474446338,43.05830369242533,0,Low,1,0,0
20,Male,Master,31,0.8112068207829983,40.37828792208071,1,Medium,0,1,1
20,Female,Master,10,0.8906609278736526,51.684600245751014,0,Medium,1,1,0
22,Female,High School,19,0.7891491997101803,76.49379766523987,1,High,1,0,1
24,Male,Master,23,0.5734813547941049,62.615861888540024,0,Low,1,0,0
24,Male,PhD,14,0.9055618849667355,62.132344261462144,1,Medium,0,0,0
18,Male,High School,47,0.8179773535818642,88.65227885262875,1,Medium,0,0,1
18,Male,High School,6,0.6940828530634977,89.25595664725114,1,Medium,1,1,1
18,Female,High School,20,0.8370651477680315,90.00463952294722,1,Low,0,1,1
19,Male,High School,41,0.6299524896214164,57.2632942083265,0,High,0,1,1
23,Female,PhD,25,0.6725961042471053,78.0080697006594,0,Medium,1,1,1
21,Female,High School,43,0.958742921565995,54.93982497009033,0,Low,0,0,0
23,Male,Master,13,0.6452522528357102,50.48354081909474,0,Medium,1,0,0
16,Female,PhD,36,0.7349941340789683,50.154785154105305,0,Medium,1,1,1
23,Female,Bachelor,20,0.9450705686980073,58.81591914749767,0,High,1,1,0
19,Female,Bachelor,17,0.8538606751337637,63.64766908789019,0,Medium,0,1,1
16,Female,Master,4,0.5311016130823514,85.70220440802876,1,Medium,1,1,0
23,Male,Master,2,0.5736515221394851,46.59401014099917,1,Low,1,0,0
19,Male,PhD,22,0.5039207953859584,80.42092160671919,1,Low,0,1,1
21,Female,Bachelor,25,0.8154608951145816,69.2300202804118,1,High,0,0,0
23,Male,Bachelor,36,0.7238367127052092,55.836993847179585,0,Low,0,0,1
19,Male,Bachelor,23,0.5671374254511378,67.10507714930534,0,Low,0,0,0
18,Male,Bachelor,48,0.9789670605283852,56.49681383773624,0,High,1,0,1
24,Male,Bachelor,18,0.76482986197281,72.78450753810682,1,Medium,0,1,1
18,Male,High School,24,0.6209466470564446,63.86141575703843,0,High,0,1,0
24,Female,Master,20,0.7503017855773537,49.04230409933833,1,Low,0,1,0
17,Male,High School,11,0.8398101663675539,46.41206910056332,0,High,0,1,0
17,Male,Bachelor,40,0.5381196089867822,70.06826251396716,0,Medium,1,0,0
17,Male,PhD,32,0.637351907523946,89.63271683073569,0,High,0,0,1
21,Male,PhD,49,0.9034827454419968,58.9176727606727,0,Low,1,0,1
18,Female,Bachelor,3,0.7298324352013306,80.31500589724428,1,Low,0,1,0
24,Female,Bachelor,41,0.7732885710161475,76.22637452168718,1,High,1,0,1
19,Female,PhD,6,0.7164080011047347,91.23552028702146,0,Medium,1,0,0
16,Female,High School,21,0.5219499713215026,85.15395595145274,1,High,0,0,0
19,Male,High School,32,0.582874889910078,71.16328923980046,0,Medium,1,0,1
16,Female,Bachelor,16,0.7227708193709454,76.1366774028759,0,Medium,0,1,1
20,Male,High School,23,0.604592732703964,89.41125566212192,0,High,1,0,1
19,Male,PhD,33,0.5249895143298393,61.97353315228141,0,Medium,1,0,0
23,Male,High School,27,0.9218248320259119,57.973708822177755,1,Low,1,1,1
23,Male,Bachelor,42,0.9905962645820579,40.5946095999358,0,High,0,1,0
22,Male,PhD,40,0.8965714369983697,85.46030908053054,0,Medium,1,1,1
18,Female,High School,38,0.9268924608523335,84.05393852218506,1,Low,0,0,1
16,Female,Master,21,0.6209885651585227,45.74499849550833,0,High,1,0,0
16,Female,PhD,48,0.9803134877565999,71.72715596229851,1,Low,1,0,1
18,Female,PhD,16,0.5984628522267141,65.51899339917881,0,Low,1,0,0
21,Male,Master,33,0.9757149051809162,46.52900025300113,0,Low,1,1,1
22,Female,Master,5,0.9974096469829755,93.9312524883398,0,Medium,1,0,1
21,Male,PhD,45,0.8558614028730244,51.80827381048455,0,High,1,0,1
21,Female,Master,5,0.990571865895911,43.697879904980866,0,High,0,1,0
21,Male,Bachelor,33,0.7847698897835518,72.71660587260503,0,Medium,0,1,0
18,Male,Bachelor,0,0.6297708915880451,80.6376672423168,1,High,0,1,1
21,Female,Bachelor,9,0.7184979428328104,41.784389532595284,0,Low,1,0,0
23,Male,PhD,20,0.796780467689393,76.22947012998623,1,High,0,0,1
17,Male,Master,4,0.5365407810135074,69.27605317733,1,Medium,1,0,0
20,Female,Master,1,0.8111716323086231,45.67957548812766,0,Low,0,0,1
16,Male,High School,21,0.9905889183811473,49.488813232049914,1,Medium,0,0,1
16,Female,High School,47,0.5950538248918638,71.23858635238443,0,Low,1,1,1
20,Female,Master,1,0.8962975581441917,56.29966874323086,1,Low,1,1,1
18,Female,Master,9,0.9539493968898096,91.60736507582239,0,High,0,0,1
19,Male,Master,33,0.9718507964101104,85.0307126216228,1,Low,0,0,1
18,Male,PhD,15,0.9800678022027236,94.09619635825146,1,Medium,0,0,1
16,Male,Master,47,0.7607298193607359,54.28189614227277,0,High,0,0,0
16,Female,High School,38,0.9886539539957518,93.33479980388873,1,Medium,1,0,1
20,Male,PhD,21,0.8786551035672194,63.71786283853568,0,Low,0,1,0
21,Female,Master,11,0.5808357181184809,59.11353374225651,0,Medium,1,1,0
18,Female,High School,23,0.738450053233985,42.769223983314426,0,Medium,1,1,1
24,Male,PhD,46,0.859165587686002,42.90208918227815,0,Low,0,0,1
20,Female,Master,39,0.6236701579095416,78.06061907706601,0,High,1,0,1
23,Male,Master,37,0.8203075917744437,65.18609469387154,1,Medium,0,1,0
16,Male,Master,9,0.8333002395233096,52.45868943198582,1,Low,1,1,0
20,Male,PhD,34,0.5813498719042829,73.76836684788779,1,High,1,0,0
18,Male,High School,48,0.7825426562263782,53.90719650375611,0,High,0,1,1
16,Male,High School,31,0.8858134554893038,71.76974648894324,1,High,1,1,1
19,Female,Bachelor,6,0.749447832267971,59.75648108404797,1,Medium,1,0,0
20,Female,Master,20,0.5060515583880537,85.29537246365004,1,Medium,0,1,0
22,Female,Bachelor,19,0.5045192345396461,85.13828884217287,1,Medium,1,1,0
16,Male,Bachelor,25,0.6785146719850061,66.25427189673206,1,High,1,1,1
18,Male,High School,3,0.963097034215891,59.29505101342586,0,Medium,0,0,0
17,Male,PhD,45,0.6143383898018044,59.9407888107502,0,Low,0,1,1
24,Female,PhD,21,0.8171818444358436,84.31429891175199,1,Medium,1,1,1
21,Male,High School,14,0.6110379353466603,58.049871553868655,0,Medium,1,1,0
18,Female,PhD,39,0.6608349948297743,51.49826555387653,0,High,1,0,0
23,Female,Bachelor,20,0.924021044800742,44.65785880314188,1,Medium,0,0,0
23,Male,Master,14,0.8644307211349734,65.66812164864245,1,Low,1,1,0
17,Male,High School,21,0.5476996386566053,66.5172654405913,0,High,1,0,0
21,Female,Master,27,0.7143510104932168,86.2499790721599,1,Low,1,1,1
22,Male,PhD,13,0.5145848818226322,52.16812830453352,0,High,1,0,0
17,Female,Master,26,0.7404450733015044,60.954520051761996,0,High,1,0,0
17,Male,PhD,40,0.831217005850534,84.462315639153,1,Medium,1,1,1
16,Male,PhD,39,0.5592513117990758,85.29929859119355,0,Low,0,1,1
23,Female,Bachelor,27,0.6444424694545828,61.153609178832255,0,High,0,1,0
16,Male,PhD,25,0.6989183127510785,65.25182128076744,0,Medium,1,0,0
24,Female,Bachelor,48,0.9597655123280249,56.68072399671056,1,High,1,1,1
21,Male,Bachelor,1,0.996627507711482,91.29051831306217,1,High,0,0,0
22,Female,Bachelor,24,0.5224556494978079,46.52540711578692,1,High,0,0,0
22,Female,High School,2,0.880503961747696,91.35621826508086,1,High,0,1,1
18,Male,High School,7,0.6858620332011716,77.61265485094387,0,High,1,0,0
17,Female,PhD,43,0.69622909311474,69.23646839777021,1,High,1,1,1
24,Male,Bachelor,32,0.8771324866735113,41.796248343147276,1,Medium,1,0,0
23,Male,High School,41,0.9592132160727043,66.15779055021045,1,High,1,1,1
22,Male,Bachelor,34,0.9754642972512741,62.426145775150275,1,Low,0,0,1
24,Female,Master,5,0.7885612930191603,48.86703465863174,0,Medium,0,0,0
19,Female,Master,38,0.6785605796502514,76.10252819253613,0,Low,0,1,1
19,Male,Master,22,0.8937745429293896,93.41329990525571,0,High,0,0,0
16,Male,PhD,24,0.6255006916311501,70.92038460854889,1,Low,1,1,1
23,Female,Bachelor,49,0.7820370144167589,79.31143020441702,1,High,1,0,1
18,Male,Master,42,0.6792892307624365,43.76477489113093,0,High,0,0,1
22,Male,High School,18,0.8283155368539381,62.97168476993471,1,Medium,0,0,0
17,Female,Master,4,0.6201994564467534,46.39971668404727,1,Medium,0,1,0
17,Male,Master,10,0.5957964728674129,73.70377095450807,0,High,0,1,0
22,Female,Master,11,0.9591195433377185,91.6165187017785,0,Medium,0,1,1
21,Male,PhD,9,0.5509018414747684,76.39777528594013,1,Low,1,1,1
18,Female,High School,7,0.7529789538674658,44.22416765729319,1,Medium,1,1,1
24,Male,Bachelor,23,0.6104263914815045,59.50664127417956,1,Medium,0,0,0
21,Male,High School,27,0.5194649816628337,70.28648586924683,0,Low,0,0,0
21,Female,Bachelor,40,0.5180094091457133,62.176426587328876,0,Medium,0,1,0
16,Male,PhD,35,0.5876108860529137,85.85042057613448,0,High,1,0,0
19,Female,PhD,36,0.9333851772530002,84.80690525904942,0,Low,1,0,1
21,Male,PhD,20,0.6412393719885133,73.65070610567719,1,High,1,0,0
21,Female,PhD,7,0.9752295852876478,60.54018698229879,0,Low,0,0,0
20,Female,Bachelor,8,0.7908111464945968,54.04350055697843,0,High,1,1,0
16,Female,Master,46,0.718307094884383,45.823087501722114,1,High,0,0,1
23,Female,Bachelor,14,0.7900444173347273,59.51937259176047,1,Medium,1,1,1
20,Male,High School,47,0.7583491926131338,62.72448844642457,1,High,1,1,1
20,Male,PhD,45,0.8793881268786625,77.17026088072404,0,Medium,1,0,1
22,Female,PhD,39,0.6412480329864261,76.19879033636654,1,Low,0,1,1
19,Female,High School,17,0.6765251958001512,43.85594768026913,1,High,0,0,1
21,Female,Bachelor,41,0.9470471512666254,61.73926234871368,0,High,1,0,1
19,Male,Master,19,0.9732282565752027,49.9978376969549,0,Low,0,0,0
18,Male,Master,5,0.9462791137432373,48.62469879242431,1,Low,0,1,1
22,Male,High School,11,0.7097239969786568,85.50161823554853,0,High,0,1,1
23,Male,Master,1,0.8901827515034408,42.305336919394165,1,Low,0,1,0
19,Female,Bachelor,6,0.7381678666505493,63.055058174616676,1,Medium,0,0,1
17,Female,Bachelor,15,0.7487699260730512,49.251201067158505,0,Low,0,0,0
18,Female,High School,2,0.6023400545286419,88.36316186231608,1,Low,0,0,0
16,Male,Bachelor,44,0.7955651516292582,70.63722823012694,0,High,1,1,1
23,Male,PhD,2,0.5930679488766739,52.72593500072664,0,Medium,0,0,0
18,Male,High School,26,0.6657823495335968,67.6335007941507,0,Low,0,0,1
22,Female,Bachelor,49,0.9275151008099676,80.23174978367138,1,Medium,1,1,1
20,Female,High School,42,0.6035379046054277,92.69649049056886,0,Medium,1,1,1
20,Male,Master,39,0.5355791425867165,52.12453023349804,0,Medium,1,1,1
22,Female,Bachelor,37,0.5345037963064081,88.73999746711398,1,High,1,0,1
24,Male,PhD,32,0.970392260251554,91.38672627921196,1,Low,0,0,1
20,Male,Bachelor,27,0.7534602189809173,90.40312994926364,1,High,1,0,1
16,Female,High School,0,0.7047060359085091,74.94778962740504,1,Low,1,1,0
16,Male,High School,7,0.9054392905039592,74.64013599390893,0,Low,0,1,0
17,Female,Bachelor,36,0.917912963955258,62.176584825110254,0,High,0,1,1
21,Male,PhD,31,0.6660955165578023,81.38188352670834,0,Medium,0,1,1
24,Female,PhD,47,0.8468090287368977,69.22117100930126,1,Medium,1,0,1
23,Female,PhD,42,0.8855614079259433,77.25909391755619,1,Low,0,0,1
20,Female,High School,36,0.8273253434329773,63.56518471168375,0,High,1,0,1
16,Male,Bachelor,3,0.5757975374000497,80.23230552237266,1,Medium,0,0,0
22,Male,Master,29,0.9379415417585285,85.3459334682502,1,Medium,0,0,1
20,Female,High School,5,0.7695472763680044,48.053994113154886,0,Low,1,0,0
21,Female,PhD,45,0.6412362131850018,85.81113435658254,0,Low,0,0,1
22,Male,Bachelor,18,0.7126140927188469,69.7163092484669,1,High,0,0,0
18,Male,PhD,31,0.5187855451994536,86.45662499996234,1,Low,0,1,1
18,Male,Master,8,0.5639334006112088,63.7215938487558,1,Medium,0,1,0
20,Female,PhD,11,0.8827733752579304,60.847226696066926,0,Medium,0,0,1
21,Male,PhD,10,0.5000058173776831,90.32834028844724,0,Medium,1,1,0
24,Male,Master,45,0.7082829142411461,53.81430971516207,0,Medium,1,0,0
20,Female,Bachelor,15,0.7612550905427942,86.43167789073787,0,High,0,0,0
16,Male,High School,0,0.5273172100004861,66.62113148801723,0,High,1,1,0
19,Male,Bachelor,44,0.9865390814861664,68.27524934031928,1,Low,1,0,1
20,Male,Master,20,0.6130626656248359,56.96575548192162,1,Low,1,0,0
20,Female,PhD,29,0.6520993598181404,71.51732103404586,1,Low,0,0,1
22,Female,Bachelor,12,0.6519712561275137,57.886615795191624,0,High,0,0,0
19,Female,High School,33,0.6152083310586749,42.159817783290876,0,Medium,0,0,0
16,Female,Master,3,0.5007369110431557,54.95992329393958,0,Low,1,0,0
20,Female,Bachelor,27,0.8646723970439982,40.350847387362485,1,Medium,1,0,1
22,Female,High School,37,0.9834227498996426,93.8095132881271,0,Low,0,1,1
21,Female,Master,30,0.6121467416425226,93.11609654008612,0,Low,0,1,1
20,Male,High School,26,0.8315235959017112,61.73354136097677,1,Low,1,0,1
19,Male,Master,4,0.8709481634793576,80.06039698868054,0,Low,1,1,0
17,Female,PhD,24,0.9242126895452624,59.01933541257337,1,Low,0,0,1
19,Male,Bachelor,2,0.7113145985068046,76.91012363972868,0,Medium,1,0,0
18,Male,High School,32,0.6514654528202146,84.29865236752886,0,Low,1,0,0
16,Female,Master,3,0.6626475670115155,92.07159345807324,1,Medium,1,0,1
23,Male,High School,24,0.8563106665492564,62.01167517173196,1,High,1,1,1
20,Male,High School,19,0.908389733252818,83.08138906258262,1,Low,1,1,1
19,Male,Bachelor,33,0.5908069838783013,54.626064784766534,1,Medium,1,1,1
23,Male,PhD,25,0.6854705040788827,94.46827670865065,1,High,1,1,1
22,Male,High School,4,0.950970098374575,41.41732793203931,1,High,0,0,0
17,Female,Master,34,0.9033467598473697,73.19408435756165,0,High,0,1,1
16,Female,Master,27,0.9924292013812379,76.272828990823,0,Medium,1,0,1
19,Female,PhD,28,0.8771241298410404,77.84250563907709,1,Low,1,0,1
23,Male,Master,8,0.6965976005139611,46.621316833399895,0,Low,1,1,0
17,Female,PhD,37,0.7953189169973189,91.61913809102217,1,Medium,0,0,1
18,Male,Master,49,0.8305071271236601,49.96508034775455,0,Low,0,1,1
16,Male,Bachelor,5,0.539227908158562,74.25143717819125,1,Medium,1,1,0
16,Male,High School,18,0.7722484795519325,52.247184351769675,0,Low,0,1,0
18,Male,Bachelor,43,0.8546604142363048,56.896902936169894,0,High,1,1,1
20,Female,High School,10,0.5836606520005302,70.05521979504684,0,Low,1,1,0
18,Female,High School,1,0.8903158587127786,62.94563802105171,0,Medium,1,0,0
16,Male,High School,46,0.7918863902570559,48.81240805370785,0,Medium,1,1,1
16,Female,Bachelor,43,0.9761108928487974,49.40150213314666,1,High,1,1,1
23,Male,High School,43,0.5212111491034459,62.99796334895398,1,Medium,1,0,1
17,Female,Bachelor,8,0.6326630687777335,81.65056380515253,1,Low,1,1,1
18,Female,PhD,20,0.800776939649912,89.38805557662837,0,Low,0,1,1
17,Male,Master,23,0.6482799561029653,44.627021424266054,1,High,1,0,1
18,Female,Master,33,0.857212082035621,61.62071491576705,0,Medium,0,0,0
22,Male,High School,21,0.8795026412609654,45.51350600475821,0,High,1,1,0
16,Female,Bachelor,2,0.5512579820332373,40.912586434792885,0,Low,1,0,0
23,Male,Master,11,0.7569272321033839,76.39452754541762,1,High,0,1,0
17,Male,Bachelor,27,0.754445277795528,73.13471930816233,0,Medium,0,0,0
18,Female,Bachelor,29,0.6846403851077705,48.96605125981874,1,High,1,1,0
24,Female,High School,25,0.966462431284836,52.85970582011853,1,Medium,0,1,1
22,Male,Master,47,0.9137531599366107,41.303926450448515,0,Medium,1,1,1
19,Female,High School,20,0.8486046909548184,85.92209631319221,0,Low,1,0,1
20,Female,High School,27,0.8571633178674988,93.60798278267033,1,Low,0,1,1
17,Male,Master,25,0.7308580719065596,47.450274523707996,1,Low,0,0,0
23,Male,Master,32,0.960497260548288,52.7311367570914,1,Medium,0,1,1
19,Female,PhD,20,0.8472977136266426,87.76252381708137,1,High,0,1,1
24,Male,PhD,34,0.8644905308279083,90.95550888759016,1,Medium,1,1,1
20,Male,Bachelor,33,0.9308454518936726,63.07950605437457,1,Low,0,1,1
24,Male,Master,40,0.6370357946710955,42.784235974799074,0,Low,0,1,0
19,Female,PhD,46,0.9035354519333515,42.166550853105065,1,High,0,0,1
20,Female,Bachelor,17,0.597620301478246,71.56724263379557,1,Low,0,0,0
24,Male,Bachelor,10,0.6726709761224439,61.609230989124846,1,Low,0,0,0
23,Female,Bachelor,22,0.6678052271349213,41.575883516771,1,Low,1,1,1
18,Male,PhD,47,0.9892627341945703,72.07888157719063,0,High,1,1,1
16,Female,Master,21,0.9282686118739634,40.621639512396236,0,Medium,0,0,0
18,Male,High School,16,0.8505849307951299,83.30545769821,1,Low,0,1,0
19,Male,Bachelor,4,0.863528380807695,56.85380524868543,1,High,1,1,0
17,Female,PhD,43,0.7810363972012855,42.214190165507766,1,Low,0,1,1
16,Male,PhD,10,0.9735453335542595,72.35937215407344,0,High,1,0,0
22,Female,High School,29,0.7481293764411807,61.87264279381801,0,Low,1,0,0
23,Female,High School,14,0.6902588549349473,93.55902273464322,0,High,0,0,1
22,Male,PhD,26,0.5815176684657954,69.93092643770362,0,Low,1,0,0
20,Male,Master,34,0.8931028261305289,55.138154957035454,0,Medium,0,0,1
16,Female,High School,32,0.8672219660377958,79.01913755486862,0,Low,0,1,0
22,Male,PhD,19,0.6921775192620674,54.93206013984912,1,High,1,1,1
22,Male,High School,15,0.5125967069796147,89.73338102741607,0,Low,1,1,0
24,Male,Master,33,0.9194986638590054,60.609708377905704,0,Medium,0,1,1
18,Male,Bachelor,1,0.5057089917270368,70.24277095269129,1,Low,1,0,0
24,Male,High School,34,0.8518498898145255,42.781520710332586,0,High,0,0,0
16,Female,Master,39,0.9851285548630285,63.436668087372695,1,High,1,1,1
16,Female,PhD,27,0.7188306640741018,85.77999468135472,0,Medium,1,0,0
19,Male,High School,46,0.6174867024979764,84.31068429498382,1,High,0,1,1
24,Male,High School,38,0.8524355050216909,52.337520736943944,1,Low,0,1,1
21,Male,PhD,5,0.9085640710077926,52.43434890558095,1,Low,0,1,0
18,Female,Bachelor,8,0.7732151580389237,84.95179217172802,1,Low,1,1,1
16,Male,PhD,19,0.9835176376280731,91.1719131093129,1,High,0,0,1
19,Female,High School,0,0.5258343608289806,45.2448506700152,0,Low,0,1,0
24,Female,PhD,7,0.7523977991522641,64.75322516844238,0,Low,1,0,0
18,Female,Master,22,0.859226973661275,58.559985343032594,1,Low,1,1,0
24,Male,PhD,2,0.9313202355745895,87.88786505015916,1,Medium,0,1,1
22,Female,High School,3,0.5896278059538951,44.59387030740103,1,High,0,1,0
19,Male,PhD,24,0.9000017408818407,51.61192684069206,0,High,0,1,1
18,Female,Bachelor,46,0.7763535378592726,81.3857585672572,1,High,0,0,1
20,Male,PhD,37,0.6982768409949816,42.82116169396686,1,Medium,1,1,0
20,Female,Bachelor,14,0.5658575142895468,67.08944593928591,1,High,1,0,0
18,Male,Master,20,0.9326478794544562,64.3158869073846,1,Medium,0,1,1
24,Female,Bachelor,34,0.5786366040898576,58.39206484438118,0,Medium,0,1,0
19,Male,PhD,45,0.6548939296045496,61.70147734254081,1,High,0,1,1
20,Male,High School,13,0.6450227659812184,69.14673228116281,1,Low,1,0,0
19,Male,Bachelor,35,0.9357070170954271,48.87520471136107,0,Low,0,1,0
20,Male,Master,11,0.836351497104449,71.4597733055976,1,High,0,1,1
22,Female,Bachelor,16,0.8983406985956861,84.29877811149925,1,High,1,1,1
24,Female,Bachelor,38,0.6252339493962495,81.80885113845875,0,Medium,1,1,0
22,Male,Bachelor,8,0.8124370498034994,48.46449475815756,0,High,0,1,0
20,Female,Master,34,0.7858729915718743,48.208720835781065,0,Medium,0,0,1
22,Male,PhD,12,0.9164151883941356,54.74959022597023,1,High,1,0,0
20,Male,Bachelor,14,0.9530435302406303,59.85910994875705,1,Low,0,1,1
18,Female,Bachelor,17,0.5060783857386935,62.465056977466546,0,Low,0,1,0
22,Male,High School,32,0.8370099595293963,77.38334692583399,0,High,1,0,0
17,Male,Master,5,0.5259178995598646,43.11742376912095,0,Medium,1,1,0
24,Female,Bachelor,26,0.774429332538678,41.90699873243365,1,Low,1,0,1
16,Male,Master,22,0.6438163645218391,61.555080961914996,1,Medium,0,1,1
21,Male,Bachelor,26,0.6533882997610706,78.34400306758893,0,High,1,1,0
22,Male,PhD,33,0.6764792517261783,50.63894386260654,1,High,1,0,1
23,Male,PhD,45,0.8106462245248051,75.28274646909384,0,Low,0,1,1
24,Female,Bachelor,37,0.6670249828343846,54.29054758671647,1,High,0,0,0
17,Female,PhD,13,0.8663495252951402,88.7347359847434,1,Low,1,0,0
17,Female,Bachelor,35,0.7022636927869348,89.26294693466392,1,Medium,1,0,1
20,Male,PhD,7,0.5341766001549793,56.350796235472956,1,Low,0,1,0
20,Male,High School,34,0.8918799212420536,52.64965646797823,0,Low,0,0,0
21,Female,High School,18,0.642879162296353,62.62171846364272,1,Medium,1,0,0
18,Male,High School,29,0.7163834397996314,53.22923718490818,1,Low,1,1,0
23,Male,Master,13,0.8427219416109508,76.9811113810437,0,Low,0,1,1
16,Male,Master,19,0.666228078574356,85.4335576501557,1,High,1,1,1
21,Male,High School,48,0.5282928280733579,77.02006720011693,0,Medium,0,1,1
19,Female,Master,24,0.6869605235064068,85.33927459871421,0,Low,1,1,1
16,Female,PhD,39,0.9722242913471517,61.834568921411076,1,Medium,0,1,1
22,Female,Bachelor,23,0.820867198649279,48.59743338898735,1,Medium,0,0,0
24,Male,Bachelor,13,0.8357395743336035,80.58730210686757,0,Low,1,1,1
19,Female,Bachelor,25,0.81614107681882,59.82609778278547,0,High,1,0,0
19,Female,High School,37,0.5994960694797185,76.91989538760228,0,Medium,0,1,0
21,Male,Master,22,0.70916693205114,54.885416808997114,1,Low,1,0,1
18,Male,PhD,21,0.8754698991816592,44.467629914366995,0,Medium,1,0,1
21,Female,PhD,47,0.5506864487765796,94.59199875182699,0,High,1,1,1
22,Female,High School,18,0.6389263880448561,48.59108293618296,0,High,0,1,0
18,Female,PhD,45,0.6381595542329268,94.36315466799147,1,High,1,0,1
22,Female,PhD,2,0.7160094637972529,93.7503962911546,0,Low,1,1,0
18,Male,PhD,41,0.9901843704710925,83.65999571494217,1,Low,0,1,1
17,Female,PhD,18,0.533751273341911,76.26826291450988,1,High,1,0,1
19,Female,Master,8,0.7593504971902976,71.77938776380967,0,Low,1,0,1
23,Male,PhD,27,0.5896823410061052,87.6355849957809,1,High,0,0,1
24,Female,Bachelor,19,0.9853382727048721,55.91917368907184,0,Low,0,1,0
22,Male,High School,44,0.5566517523637321,65.72246668666824,1,High,1,1,0
16,Male,Master,6,0.7018005011807956,74.0664483151576,1,Medium,1,1,1
18,Male,PhD,13,0.868942492417303,62.615476172822014,0,High,0,1,0
24,Female,Master,8,0.8522772140137227,63.51175497496474,0,High,0,0,0
16,Female,PhD,18,0.7113643184469661,58.16565671261464,0,Low,1,1,0
24,Male,Bachelor,46,0.6732620839763591,71.03274991764948,1,Low,1,0,1
23,Female,High School,13,0.6988061892764352,86.78159904083138,1,Low,1,1,0
16,Female,PhD,37,0.6321381315793196,51.08406079034721,0,Low,0,1,0
21,Male,PhD,35,0.6026664693533998,91.39381713143928,0,Low,1,0,1
20,Male,PhD,39,0.741519848779445,77.89982095615264,1,Low,0,1,1
21,Female,PhD,16,0.6342668780338037,85.28002669740167,1,Medium,0,1,1
20,Male,High School,29,0.6437308324486251,70.59048809465064,1,High,0,0,1
21,Female,High School,8,0.8283780317372785,82.8734185783235,0,High,1,1,0
20,Female,Bachelor,32,0.9842686658499461,40.89102185367069,1,High,1,0,1
20,Female,High School,24,0.8018186002796875,85.01092336287444,0,Medium,1,0,0
19,Female,PhD,13,0.5384897335324832,42.20763724969516,1,High,0,0,0
18,Male,Bachelor,10,0.5377918069270335,88.94523569995744,1,Medium,1,0,1
18,Male,Bachelor,34,0.975711610422783,94.55795109812539,0,Medium,0,1,1
19,Male,Bachelor,40,0.6486453951536668,56.17371041972278,0,Medium,0,1,1
24,Male,PhD,13,0.5460334930412377,51.56752059571865,0,High,0,1,0
17,Female,Master,29,0.7995222935751908,82.09498501219224,1,Medium,0,0,1
24,Female,PhD,40,0.8118243891451331,53.916448750613924,1,High,0,1,1
16,Male,High School,3,0.824252410059344,87.60593107447119,1,High,0,1,0
16,Female,High School,3,0.6337010139287707,45.656342568661216,0,Low,1,1,0
20,Female,PhD,27,0.5075553421072375,46.9275358008647,1,Low,0,1,0
21,Female,PhD,7,0.9825076847272359,93.85333553053385,0,Medium,1,0,1
21,Male,Bachelor,1,0.6254465228455512,77.06113940485025,0,Medium,0,0,0
18,Male,PhD,40,0.8380131440262737,86.57879734359241,0,High,1,1,0
22,Male,Bachelor,45,0.8533149349393547,57.83811575433349,1,Medium,1,0,1
24,Female,High School,21,0.8050037085397428,77.20660622363324,1,Medium,1,1,1
23,Male,Bachelor,40,0.6564536971068241,72.68330050197284,0,High,1,1,0
21,Male,PhD,15,0.6355481268820329,73.1732566067621,1,Medium,0,1,0
23,Male,High School,28,0.7988341413513516,77.5392852745747,0,Medium,0,0,0
20,Male,Master,48,0.9330478168058458,71.64475452210041,0,High,0,1,1
23,Male,Bachelor,47,0.9733668644616977,63.598430311646624,1,High,0,0,1
19,Male,High School,29,0.5529529022018789,55.17574819093008,0,Low,1,0,0
23,Female,Bachelor,11,0.5774143062988599,82.27197320022611,0,High,1,1,0
17,Female,High School,34,0.9723681293915398,52.44498365017524,1,Low,1,0,1
20,Male,High School,10,0.8682676141673963,78.07948683849278,0,Medium,0,0,0
24,Male,Bachelor,45,0.9414969124148865,52.833305245712964,0,High,1,1,1
19,Female,Master,49,0.6013163170676716,74.39315934749496,0,High,0,0,1
21,Female,High School,20,0.7937929355547009,81.08930469209659,0,High,1,0,0
16,Male,High School,20,0.8505697972087368,52.029263889859656,0,Medium,1,1,0
24,Male,High School,4,0.8400559427234864,43.29688154737195,0,Low,1,1,0
16,Male,Master,47,0.7040758454333491,47.20355586467957,0,Medium,1,0,0
20,Male,Master,19,0.5076974458456542,73.3298331999064,1,Medium,1,1,1
19,Female,PhD,36,0.7914630284021316,86.71955234241545,1,High,0,1,1
18,Male,Bachelor,2,0.6265507695898044,42.47482516794834,0,Low,1,0,1
21,Male,Master,43,0.7251271230714451,80.37831924729053,0,Medium,0,0,1
17,Male,Bachelor,32,0.9787905075419087,58.77252552725287,1,High,0,1,1
18,Male,PhD,8,0.6995176588212173,66.31906034557375,1,Medium,0,0,0
20,Female,Bachelor,8,0.9199008033322134,91.0872752415061,1,Medium,0,1,0
24,Female,Master,3,0.5942703028746256,58.2584327604715,1,High,0,1,0
17,Female,Bachelor,34,0.8362302490125144,65.59353136667173,1,High,0,0,1
23,Male,Master,16,0.9885034772194717,40.75253281183746,0,Low,0,0,0
17,Male,Bachelor,33,0.5509465504364683,44.48792960026611,1,Medium,0,1,1
20,Female,Master,23,0.504159971113596,54.22253751241312,1,High,1,1,0
22,Male,Master,31,0.7167913963163072,41.53187324515909,1,High,1,1,1
23,Male,Bachelor,0,0.5463127415256837,74.72564293265381,0,Low,0,1,0
16,Female,PhD,7,0.8741921748381156,63.45190962408924,0,Low,0,0,0
21,Female,High School,44,0.9572743319242795,70.14798615004122,0,High,0,1,1
16,Female,PhD,22,0.7170104863543794,49.60559522429813,0,Low,1,0,0
17,Female,Bachelor,46,0.6293558210777205,56.27626161901389,0,High,1,0,1
16,Male,PhD,39,0.7172016595033048,76.51034611689988,0,Medium,0,1,1
20,Male,Master,11,0.8617239089250005,93.09164979967198,1,Low,0,0,1
24,Female,High School,11,0.5045270807901855,42.77292254812151,0,Medium,1,0,0
21,Male,Bachelor,45,0.7947269947423485,88.97113764703963,0,Medium,1,1,1
16,Female,Bachelor,46,0.8066458424436895,71.72846607211646,1,Medium,0,0,1
16,Female,Bachelor,14,0.8188441234479678,71.0155761715593,0,High,0,0,0
17,Male,High School,40,0.6210110399904386,67.51531943642682,1,Medium,0,1,1
24,Female,Master,18,0.8570263616890634,43.816674724730085,1,Medium,0,1,0
18,Male,Bachelor,25,0.5456957431658882,44.94322684548884,0,Medium,1,1,0
16,Male,PhD,28,0.5996351682334005,73.05016031124973,1,High,1,1,1
20,Male,Bachelor,21,0.9387350233272409,58.75272142895571,1,Medium,0,1,1
22,Male,Bachelor,39,0.8693615753632832,90.44974366177243,1,Medium,0,1,1
21,Female,Bachelor,20,0.5068727770056727,62.36247955477097,1,Low,0,1,0
16,Male,Bachelor,37,0.6241881301849002,47.88048022864526,0,High,1,0,0
20,Female,Master,19,0.6072032414965822,79.30953584261198,1,Medium,0,0,1
20,Female,PhD,28,0.6354031640184863,56.13443817925554,0,Low,0,1,0
21,Female,Master,3,0.6237798851399432,68.90086690457412,1,High,0,0,0
18,Female,PhD,6,0.5312631478714229,78.38080320278435,1,High,1,0,0
20,Male,Bachelor,27,0.7294702582984102,89.51452611611387,1,High,0,1,1
22,Male,High School,27,0.8663667373930826,83.57051571409218,0,High,1,0,1
20,Female,Master,3,0.8033658623587182,77.19985873299983,0,High,0,1,0
20,Female,High School,21,0.8364358342990399,77.3798250317329,0,High,0,0,0
20,Male,Master,11,0.5405745892681195,92.02585542176476,1,Medium,0,1,0
18,Female,Bachelor,44,0.9757453550883937,56.27032536230948,1,Medium,1,0,1
16,Male,Master,2,0.9192459169215124,40.061165180790304,1,Medium,0,0,0
20,Female,Bachelor,21,0.9025451592478313,54.95750076690093,1,Medium,0,0,1
24,Male,Master,43,0.9114919025208837,51.98402587947092,0,Low,1,1,1
16,Female,Bachelor,1,0.9663552540663807,76.4009021812699,1,Medium,1,0,1
18,Female,Bachelor,23,0.7721269830568489,74.8541379871041,0,High,1,0,0
19,Male,PhD,33,0.600141008933813,72.6403760487598,1,Medium,0,1,1
16,Female,Bachelor,26,0.8083918039262705,40.893389376519956,0,Medium,1,1,1
16,Female,PhD,40,0.8714407468339695,80.08279299478562,0,High,0,0,1
23,Male,Bachelor,0,0.8689586966770126,57.794172686702034,1,Medium,1,0,0
17,Female,High School,7,0.76072451208344,76.57807939536471,1,Medium,1,0,1
23,Male,Bachelor,22,0.5342293596667891,70.61181356761844,0,Medium,1,0,0
22,Male,High School,37,0.685556469215064,58.850200898534894,1,Low,0,1,1
17,Female,High School,5,0.9603833042316787,47.401694690725925,1,Medium,0,0,0
21,Female,Bachelor,21,0.792224454878713,45.19303937132645,0,High,0,0,0
21,Female,High School,24,0.7691659716278567,85.7335083211723,0,High,0,1,1
18,Female,PhD,17,0.6344267571910968,90.51186481448569,0,Medium,0,0,0
17,Female,Master,16,0.6842244599582894,75.73834257203649,0,Medium,0,0,0
16,Female,Bachelor,11,0.9476730445765846,45.68887631732659,1,Medium,0,0,1
21,Female,High School,5,0.8332315237634178,62.11149692885324,0,High,0,1,0
20,Male,Bachelor,25,0.8936935133761664,80.09165600578365,0,High,0,1,1
24,Female,PhD,26,0.7271727115338276,82.89014862055375,0,Low,1,0,0
16,Male,Bachelor,7,0.815123609728079,46.50202422600987,1,Low,1,0,0
22,Female,Bachelor,18,0.6241918043716037,40.00168953649603,0,Low,0,1,0
20,Female,High School,41,0.8527304151417432,79.16753752343328,1,High,0,0,1
20,Male,PhD,0,0.7138006668516687,59.61278967924131,0,Low,0,0,0
17,Female,Master,28,0.7212727574073727,53.99647323900432,0,Medium,0,1,0
18,Female,Master,44,0.8246611622884408,40.7093608384239,1,Medium,1,1,0
22,Male,High School,48,0.9681403107344633,69.71646737188249,0,High,1,1,0
21,Female,Bachelor,34,0.5320031733043105,86.813290448429,0,Low,0,0,0
17,Female,High School,39,0.9123716186735038,92.66974054499234,1,Medium,1,0,1
21,Female,High School,13,0.6461915552060966,71.11597228373091,0,High,1,0,0
17,Male,High School,34,0.7219597272531889,68.29537302569418,0,Low,0,0,0
17,Female,Bachelor,47,0.5109566643875045,44.67810120190826,0,Medium,0,1,1
17,Female,PhD,44,0.6505230389171566,70.18800408484299,0,Low,0,0,1
18,Female,High School,19,0.7513156213150652,60.8988493430967,1,High,0,0,1
17,Female,Bachelor,48,0.5280880386737195,73.39244044859673,0,Low,1,1,1
19,Male,PhD,12,0.7455478646915825,61.37994913321007,1,High,0,1,1
24,Male,High School,37,0.9635553144292137,53.21645178977017,0,Low,1,0,1
21,Female,Master,48,0.5526966090539026,45.22309013756071,1,Medium,0,1,1
16,Female,PhD,45,0.8822203640377522,57.32051445238926,0,High,1,1,0
23,Male,High School,48,0.7048355266879963,45.31546588582638,1,High,0,0,1
22,Male,PhD,7,0.827586857262169,49.72933229531912,0,High,0,0,0
18,Female,PhD,42,0.6301182989926146,94.30348872187503,1,Low,1,0,1
16,Male,PhD,19,0.5797461312706791,64.42569562986402,1,Low,1,0,0
20,Female,PhD,32,0.5802313071356132,69.2529471577759,0,Medium,1,1,0
19,Male,PhD,25,0.5352459728215724,88.04901908054684,1,High,0,1,0
23,Male,PhD,38,0.5928233524506215,94.75628952698783,0,High,1,0,1
16,Male,High School,20,0.8321096924944842,72.0492947139575,0,Low,1,0,1
16,Male,Master,48,0.9408453059217541,84.68606015742944,0,Low,1,1,1
19,Female,Bachelor,41,0.9070628427955809,57.981756338517144,0,Medium,1,0,1
23,Male,PhD,42,0.842567154937242,56.81591765960101,0,Medium,1,0,1
20,Male,Bachelor,40,0.5552159317055514,62.14870465470081,1,Low,1,0,1
17,Female,High School,8,0.6445937231479749,76.9878994470507,0,High,1,0,0
21,Male,PhD,23,0.6549034376612345,77.52054290903044,0,Medium,1,1,1
20,Male,Master,36,0.6249784731988106,57.3381689057198,0,Low,1,0,0
17,Female,Bachelor,48,0.7575028298548616,47.32654582751458,0,Low,0,1,1
18,Male,PhD,40,0.7677769074398363,74.78179410560297,0,High,0,0,1
24,Female,High School,16,0.6784429875855551,47.05792242038205,0,Low,1,0,0
22,Female,Master,23,0.676894579368218,71.81708795261315,1,Low,0,1,1
22,Female,Bachelor,20,0.9142777989530406,78.138217043097,1,Medium,0,0,1
21,Female,Bachelor,38,0.8946464241598429,78.53363230169484,0,Low,1,1,1
23,Male,PhD,40,0.6538979158403728,81.44096608627783,1,Low,1,0,1
19,Female,Master,38,0.9568942219366297,88.00726818611156,0,Medium,1,0,1
23,Male,Master,12,0.976407508501253,67.49774455806336,0,High,1,0,1
19,Male,Master,10,0.6633712710150204,80.16370542412642,0,High,1,0,0
23,Male,Master,45,0.6772124743965274,74.05450044512102,0,Medium,1,0,0
24,Male,High School,18,0.7528170767109794,50.26519668887254,0,Medium,0,1,0
18,Male,Master,10,0.9705604062668367,41.412930467817446,1,High,1,1,1
18,Male,Bachelor,12,0.9381597165711557,55.64977621223136,1,High,0,0,1
17,Male,Bachelor,45,0.5512839812917949,64.36685384856906,1,High,1,0,1
18,Male,High School,44,0.6963653716357081,73.9408269435761,1,High,1,1,1
18,Male,Bachelor,0,0.7766855948748859,86.74776317767629,0,High,0,1,0
20,Male,Bachelor,39,0.75156623627577,50.79351441883911,1,Medium,1,0,1
20,Female,Master,43,0.5969315339684463,46.90523844441624,0,Low,1,0,0
17,Female,Bachelor,18,0.9294083855840773,92.99139711108802,1,High,0,1,1
21,Female,High School,11,0.8384703914984186,45.94245076570239,1,High,1,0,0
20,Male,Master,7,0.9189541874259017,66.31700885589541,1,Low,0,1,1
21,Female,PhD,7,0.9293821396747362,72.2060050836316,1,Low,1,0,0
16,Female,Master,44,0.8741779268328699,69.7755931499091,0,Low,1,1,1
20,Female,High School,11,0.7196053006248586,44.73176863681188,1,Low,0,1,0
24,Male,Master,47,0.8052733775077123,43.136480270199066,1,Low,1,0,1
17,Male,Master,32,0.5801827030598716,45.801588510356964,0,Low,0,1,0
16,Male,High School,44,0.8368227087374538,72.20732261299369,0,Medium,0,0,1
24,Male,Master,25,0.5896266278696404,69.93896881988766,1,Low,0,0,0
24,Female,High School,38,0.8469747952550783,52.85574356202093,0,Low,1,0,1
24,Female,High School,27,0.6147990803769843,75.07757780150754,0,Medium,1,0,0
21,Female,PhD,4,0.55877565007511,85.10371261306071,0,Low,0,1,0
23,Female,Bachelor,7,0.5826422450714788,42.286842791562655,1,High,1,0,1
16,Male,Bachelor,24,0.5009960676095351,67.39714689514233,0,High,1,0,0
19,Male,Master,26,0.8593698089267652,77.91207266564797,1,Low,1,0,1
16,Male,Master,45,0.8662005245291895,53.87715598883279,1,Medium,0,0,1
23,Female,PhD,22,0.7574666749566297,56.9273997911232,1,High,1,1,1
16,Male,PhD,29,0.5806814005276919,73.75008466441611,1,Medium,0,0,1
18,Male,PhD,44,0.5417771687553449,89.38644113940552,0,High,1,1,0
19,Female,High School,46,0.5095644832186434,84.54584311665946,1,Low,1,1,1
23,Female,PhD,22,0.5828740884826104,72.07216205047709,0,Medium,0,1,0
21,Male,PhD,48,0.9454277674915734,80.16219447664871,1,Medium,1,0,1
22,Male,Master,46,0.6207684208508408,60.06523586142893,0,Medium,0,0,0
23,Male,PhD,19,0.6771356636086079,75.25310404543168,1,High,1,0,1
17,Male,High School,17,0.5526727422406665,65.63998751201564,0,High,0,0,0
23,Male,High School,17,0.6111806523740851,50.44648750516585,1,High,1,1,0
18,Male,Master,1,0.7596122853901026,78.59560506324914,1,Low,1,1,0
22,Female,PhD,3,0.8038763415478263,70.6055550541852,0,High,1,0,0
18,Female,PhD,29,0.6226761570831055,59.724187007447526,1,Low,0,0,0
22,Female,High School,32,0.5288660796125586,90.12365545432469,1,Medium,0,0,1
17,Male,PhD,35,0.6955164345636993,41.15137648047033,1,Medium,0,0,1
21,Female,PhD,17,0.617101685463167,57.36752331872228,0,Low,1,0,0
18,Male,PhD,36,0.6097769616149009,43.12847687777056,1,High,0,0,1
18,Male,Bachelor,18,0.9799314013567276,82.15900239218949,1,Low,0,0,1
24,Female,Master,46,0.808150242962862,78.61590997625859,0,Medium,0,1,1
22,Male,Bachelor,27,0.778439221586048,58.224372030497435,0,Medium,0,1,0
20,Male,Master,39,0.707887551761661,77.16145962138901,0,Low,0,1,1
22,Female,High School,19,0.7144721667150722,61.77654744077724,0,High,0,1,0
24,Female,PhD,48,0.7704525019190405,81.59395852823388,0,High,0,0,1
16,Female,Master,32,0.8482149035180536,64.98010145051883,1,Low,0,0,1
22,Male,Bachelor,11,0.8510730480909148,62.67538503074161,1,Low,0,0,1
21,Female,PhD,14,0.5858469538527248,91.41014535185656,1,High,0,0,0
24,Female,High School,40,0.7500563760383134,53.798350493988515,0,Medium,1,0,1
16,Male,Master,38,0.705979047517051,46.6246036998111,1,Low,1,1,1
19,Female,Master,1,0.9352634831346921,72.14987122927019,0,High,0,0,0
24,Female,Master,28,0.8157094606091881,93.31269967562983,0,High,1,1,1
19,Female,PhD,40,0.766252033207991,60.781156754995266,1,Medium,1,0,1
18,Male,Bachelor,9,0.5576973210894587,43.41202199958298,0,Medium,0,1,0
24,Male,Bachelor,1,0.8028189446617058,58.66178970202621,0,Medium,0,0,0
17,Male,Master,10,0.5586019528401167,67.82624098757572,1,Medium,0,1,1
19,Male,High School,12,0.668603287782876,48.90576536477175,0,Medium,1,0,0
21,Female,High School,9,0.5714209824071659,76.19562199310707,0,Low,0,0,0
17,Male,Bachelor,13,0.8460368235121845,94.87621639556103,1,High,1,0,1
23,Male,High School,17,0.6031260569180763,64.84567117897942,0,Low,0,0,0
23,Female,Bachelor,8,0.695929686594013,59.5100706201617,0,Low,1,1,0
16,Female,Master,38,0.9478373888093894,62.03872917589567,1,Low,1,0,1
18,Female,Bachelor,27,0.6021581916994851,46.333039811736064,1,Low,0,1,0
24,Male,Bachelor,2,0.7539025319793895,88.5800480784423,1,Low,0,0,0
20,Male,Master,19,0.709635830583011,62.81541105367436,1,Medium,1,1,1
21,Male,High School,5,0.5090620205228649,61.30009262836627,0,Medium,1,0,0
19,Female,Bachelor,26,0.8963790567864064,76.28296501117609,0,High,0,0,0
17,Female,Bachelor,1,0.5345229531572999,64.31183815121179,1,Low,0,1,0
23,Male,Master,28,0.7371275104884768,75.65284078443153,0,High,1,0,1
21,Female,High School,37,0.780339147469475,43.379545957193315,0,Medium,0,0,1
20,Female,Bachelor,2,0.8142132283072936,84.7547839047225,1,Medium,1,1,1
24,Female,Master,15,0.8443158146539378,91.72771740836714,1,Medium,0,0,0
16,Male,Bachelor,29,0.6266361917613575,75.68209623876623,0,Low,0,1,1
20,Female,PhD,39,0.5049893883292247,92.50112608723458,1,Low,0,0,1
21,Female,Master,1,0.8617218311774559,48.32877729034798,1,Medium,1,1,1
20,Male,High School,16,0.7678282996737893,66.25789042141946,1,High,0,1,1
21,Male,High School,40,0.9180588516036243,73.09937036699961,0,High,1,1,1
21,Female,High School,11,0.9106941814503471,71.99551560816526,1,Medium,0,1,1
22,Female,High School,34,0.9216630838939416,62.08039784989738,0,High,1,0,1
19,Male,Bachelor,42,0.74254732998977,58.59464251514437,0,Medium,1,0,1
23,Male,Bachelor,0,0.6668141979184328,46.97532124027303,0,High,0,1,0
22,Female,High School,44,0.895779101295685,61.545834780925304,1,Medium,1,0,1
24,Female,High School,14,0.7256470565146275,48.94634483080168,1,High,1,0,1
22,Female,High School,25,0.5917210982017173,80.39011220707201,1,Low,1,0,1
18,Female,Bachelor,36,0.9274870097807372,51.48570145220245,1,Medium,1,1,1
18,Male,High School,20,0.9412799383861736,43.22109179064936,1,Medium,0,0,0
23,Female,High School,48,0.7331548780700851,70.38013757994788,0,High,0,0,1
20,Female,PhD,30,0.5378498636548937,72.73763529956709,0,Medium,0,1,0
19,Male,PhD,24,0.6939130449584656,87.9552183704278,0,Medium,1,0,1
23,Female,High School,22,0.9017688297313017,71.7339886829725,1,Medium,1,1,1
21,Male,Master,23,0.9508870142731143,59.001446954789515,0,Low,0,1,1
17,Female,High School,37,0.601736371248798,84.16565348394764,0,Low,0,1,0
19,Female,PhD,27,0.5334868060126358,69.71533912530816,1,High,1,0,1
19,Male,Master,20,0.9386752265664193,44.360415654715545,1,Low,0,0,0
21,Male,Master,42,0.6947024694894377,71.12178081722857,0,High,0,1,1
21,Female,High School,17,0.7708804821337816,89.94101999819142,0,Low,1,1,1
16,Female,PhD,35,0.9840329060253794,61.79719440240213,1,High,0,1,0
23,Female,PhD,34,0.5332823639571114,56.297919104489004,1,Low,1,1,1
21,Male,Master,44,0.8241590037260478,47.890820135991106,1,Low,0,1,1
18,Female,High School,8,0.5370527112874335,48.329503706444655,1,High,1,1,0
24,Male,Bachelor,37,0.6877344642332501,63.80243163880004,0,Medium,1,0,1
17,Male,Bachelor,29,0.9019072725967234,72.76239032888412,0,Medium,1,1,0
23,Female,PhD,43,0.7167361163778172,44.433847284328095,1,Low,1,1,1
18,Male,Bachelor,33,0.9985911769514753,91.67627239638412,0,High,1,1,1
20,Female,PhD,31,0.7795296424733011,81.53234895948577,0,Medium,0,0,0
21,Female,PhD,2,0.6605810763179767,72.26431550560145,1,High,0,0,0
21,Female,PhD,2,0.6100556629523766,85.5641269016445,0,Medium,0,0,0
19,Female,Bachelor,27,0.675260267143081,44.41027162466623,0,High,1,0,0
18,Female,PhD,43,0.6862666368797754,66.22613827532184,0,Low,0,1,1
19,Male,Master,14,0.5343568388619805,74.65512197739149,1,High,1,0,1
16,Male,High School,40,0.6847870997133866,85.5759098365059,1,Medium,1,1,1
19,Female,High School,22,0.7321192598696125,83.09082580270973,0,Low,0,1,1
16,Female,PhD,39,0.8613688761194023,55.23880873423698,1,High,1,1,1
16,Male,High School,10,0.828364742360804,91.74840932575623,1,Medium,0,1,1
21,Male,Bachelor,47,0.8543828276145771,46.83902127869787,1,Low,1,1,1
20,Male,Bachelor,31,0.5041818409384285,88.13234902416337,0,High,1,1,0
19,Male,High School,35,0.608833699790268,93.40171372825402,0,Medium,0,0,1
18,Female,Bachelor,32,0.8308421441999283,49.74344377724441,1,High,1,0,0
16,Female,High School,23,0.7419946840898736,79.71363353120819,0,High,0,0,1
21,Male,High School,38,0.502656737834173,42.21570353278992,0,Low,1,0,0
17,Female,High School,33,0.9022473212159112,62.29825538265352,0,Low,0,0,0
23,Male,PhD,27,0.8864047866451688,68.39558145587208,0,Medium,1,1,1
20,Female,High School,36,0.7742095814967813,71.93548742502988,0,Low,0,0,1
22,Male,PhD,6,0.5332316628881361,91.47654865367078,1,Medium,0,0,0
17,Female,High School,3,0.8832575247662924,76.9737878011807,0,High,1,0,0
23,Male,High School,36,0.791856793865682,66.47028731705804,0,High,0,1,0
17,Male,High School,0,0.8909799885789795,84.53212699462392,0,Medium,1,1,0
19,Female,Bachelor,0,0.8758734961979202,92.2793051524925,1,High,1,1,0
16,Male,PhD,46,0.9015010359789186,41.21363817752599,1,Low,0,0,1
20,Female,PhD,19,0.7590040332023125,94.03866997408213,1,High,0,0,1
24,Female,High School,18,0.5701622590967574,44.73726764850242,0,Low,0,0,0
16,Male,High School,28,0.8355787366898444,84.79127285978188,1,Medium,0,0,1
24,Female,Bachelor,9,0.8102368925259853,55.41841139032769,1,Medium,0,0,0
23,Female,Bachelor,17,0.8711265935995436,47.269881176462945,1,High,1,1,0
21,Female,Bachelor,27,0.5849405030253676,64.19206018426092,1,High,0,0,1
22,Female,PhD,34,0.5974875999501446,75.41761186961875,0,Low,1,1,0
18,Female,PhD,42,0.9452047586096642,60.95235147629113,1,Low,0,0,1
16,Male,PhD,46,0.8749888992260354,43.00109745554844,1,High,0,1,1
20,Female,High School,30,0.9541142443501615,72.9703626812294,0,High,0,1,1
17,Female,PhD,26,0.8793576605819604,89.63218018608711,0,Medium,1,1,1
20,Female,Master,10,0.7985776529951509,61.07684512709884,1,Medium,0,1,0
23,Female,Master,48,0.8270663685139368,51.89830276969549,0,Medium,1,0,0
24,Female,Bachelor,48,0.944563961970005,64.34175402630484,1,High,1,0,1
17,Male,PhD,37,0.7894033772559703,42.65994910768295,0,High,1,0,1
18,Female,Master,4,0.8161956621641937,85.1268171464151,0,High,0,1,1
18,Male,Bachelor,7,0.5782383580018002,85.44874460226026,1,Medium,1,0,1
16,Male,PhD,33,0.7369606100580514,72.34002548862956,0,High,0,0,0
23,Male,High School,47,0.8581985559790495,59.420658891611424,1,Low,1,0,1
21,Male,Master,11,0.6354713491581827,83.98808504451809,0,High,0,0,0
23,Female,High School,37,0.6011270902622674,70.5077863633602,1,High,1,1,1
24,Male,PhD,0,0.6569134041122078,85.42627697025088,0,High,0,1,0
20,Male,Master,30,0.6207503139964168,74.73023359206613,0,High,0,0,0
18,Female,PhD,3,0.6074563185181979,83.14230102670385,0,High,0,0,0
20,Female,High School,48,0.7124254214340435,72.9209646269768,0,Low,1,0,1
20,Female,Master,44,0.953919256941767,62.77775875186164,0,Low,1,1,1
20,Male,High School,49,0.7535298233693591,92.68702229593757,1,High,0,1,1
18,Female,PhD,4,0.5939601904076615,69.76126036833647,0,Medium,1,1,1
19,Female,PhD,29,0.5384858346904371,73.2799235197296,1,High,1,0,1
24,Male,High School,23,0.8480780725689626,52.12682016781121,1,High,1,1,1
24,Female,Master,2,0.6913993822181939,74.4107934185002,1,High,1,1,1
17,Female,High School,10,0.9109154732926796,71.43842072156191,0,Medium,1,1,0
23,Female,PhD,44,0.8297553843203851,50.16611188708637,1,Medium,1,1,1
23,Female,High School,3,0.8981207252706842,43.2772903544229,0,Medium,1,1,0
22,Male,PhD,25,0.6359730197092244,73.23976258431242,1,Low,0,0,0
23,Female,High School,26,0.8461794612305291,82.00307481426762,1,Medium,0,0,1
18,Female,Master,45,0.6320309923468594,68.78707540071045,1,Low,1,0,1
21,Male,Master,42,0.9695342397251459,52.472494392580515,1,Low,0,0,1
16,Female,High School,26,0.8181871407666872,76.65870871811691,1,Medium,0,1,1
22,Male,High School,41,0.6622559000876711,44.40581496352812,0,Medium,0,0,0
16,Female,Master,49,0.6347559311461364,64.3008537641075,1,Medium,1,0,1
24,Male,PhD,5,0.5954632925358218,48.98517171191311,1,Low,1,0,0
16,Male,Master,14,0.8473204794468638,50.14524780829358,0,High,1,1,0
16,Male,PhD,29,0.6093578064989637,51.1261672037012,0,Medium,1,0,0
22,Male,High School,41,0.7976516329637445,61.268888137418784,0,Medium,1,1,1
17,Female,High School,36,0.6323175134626786,42.81326130912187,1,Medium,0,1,1
20,Male,PhD,36,0.8309844723969343,61.878639251100395,1,Low,1,1,1
23,Female,High School,41,0.9074698642702697,68.14390959130854,1,Low,0,0,1
23,Male,PhD,36,0.8890126215723266,66.58118567314789,1,High,1,1,1
18,Male,Bachelor,34,0.8804256654653908,61.053125522167235,1,Medium,0,0,1
22,Male,Master,22,0.5938612028461261,86.15306344389138,1,Low,1,0,1
18,Female,Bachelor,5,0.5441924734922594,47.99296808312773,0,High,1,0,0
21,Male,PhD,3,0.8494744142436927,67.81332090797557,0,Medium,1,1,0
21,Female,Master,17,0.6841736068971757,43.412277932610486,1,Low,1,1,0
18,Female,PhD,8,0.7161731132016737,43.91356233828503,1,Medium,1,0,0
22,Female,Master,48,0.5155745463966955,71.5626217322403,1,Medium,1,1,1
18,Female,Master,28,0.6297882246375246,71.13101336883015,1,Low,0,1,0
23,Female,Master,12,0.516838201937232,88.29184320644514,1,Low,1,1,1
19,Female,Master,46,0.9395928863006238,70.68305216130403,0,Low,0,0,1
16,Female,PhD,16,0.6216983416092652,92.78850612226677,0,Medium,1,1,0
19,Female,Master,44,0.778668584786504,42.67821666199614,1,Medium,0,1,1
22,Female,Master,31,0.5194896603305652,45.39042266294076,0,High,0,0,0
19,Male,Bachelor,47,0.833423695652829,42.42362238637098,1,Medium,0,1,1
21,Male,High School,21,0.661513672877047,50.1902267683447,1,Low,0,0,0
24,Male,High School,3,0.9489595934788329,69.7698561017923,1,Medium,0,1,0
16,Male,Bachelor,4,0.944059094467018,75.50646997850853,0,High,0,1,0
20,Male,Bachelor,36,0.6626453091808739,42.507183687176784,0,High,1,1,1
22,Female,PhD,40,0.950480447845234,92.02839894150796,1,Low,0,1,1
16,Female,PhD,48,0.9980788367493894,86.31909571577096,0,Low,1,1,1
19,Female,PhD,12,0.912707832061974,56.313686518640125,0,High,1,1,0
21,Female,Bachelor,33,0.9224356738776145,44.24531416245574,1,High,0,0,1
17,Female,Bachelor,44,0.624504368054545,49.343789027048146,0,High,0,1,0
20,Female,Master,21,0.7883511994288781,46.981942756523495,0,Low,1,1,1
16,Female,PhD,22,0.5336279569836839,46.78060786144208,1,High,0,1,0
21,Male,PhD,2,0.5474589684108349,68.52089287661536,1,High,0,0,0
21,Male,PhD,41,0.9994463060166453,53.521609337137015,0,Low,0,0,1
19,Male,High School,33,0.6633196247129555,59.69768440910295,1,Medium,0,0,1
23,Male,Master,31,0.8740919560244231,94.42279333613774,0,Medium,0,1,1
19,Female,PhD,44,0.9033325265134082,77.63728369089395,1,High,0,1,1
23,Female,PhD,48,0.9290116355036147,92.19393668758508,1,Medium,0,0,1
23,Female,PhD,20,0.9988141487010782,47.84061052682136,1,Medium,1,0,0
20,Male,High School,45,0.6207482426284339,61.01767111579131,1,Medium,0,0,1
19,Female,High School,43,0.5201754134298499,70.51024918052948,0,Medium,1,1,0
17,Female,Bachelor,20,0.705595758997293,44.22169340388059,1,High,1,0,1
18,Female,Master,43,0.5650403349144735,40.23030939953768,1,Medium,1,1,1
18,Male,Bachelor,10,0.5112129445810276,76.87388835883047,1,Medium,1,1,0
19,Female,Master,38,0.680213413570743,75.30007342407895,0,Low,0,1,0
19,Male,High School,3,0.8918691255376182,62.59338454997865,0,High,1,0,0
20,Male,PhD,0,0.7830903456125354,66.9304241817618,1,Low,1,1,1
19,Male,Bachelor,27,0.6563889946051771,62.84936503256493,1,Low,1,0,1
23,Male,PhD,23,0.8271710027463599,41.32027746646889,1,High,1,0,1
21,Female,Bachelor,34,0.6160090901544053,58.44543834196043,1,Medium,1,0,1
21,Male,High School,12,0.5071907230360425,49.73952404685094,1,Low,0,0,0
23,Male,High School,46,0.8821766932182137,45.41333040057528,1,High,0,1,0
22,Female,High School,33,0.8118715424320045,92.61962386391424,0,Medium,1,1,0
23,Female,Bachelor,10,0.8811513122504799,72.96478487731912,1,High,0,1,1
17,Male,Master,35,0.5194690083438328,80.07609563301315,1,Low,0,1,1
24,Female,Bachelor,16,0.9185598139153262,57.34500587963646,1,Medium,1,0,1
16,Male,Master,34,0.8097631000181517,61.62309212217083,1,Medium,1,0,1
23,Male,Bachelor,17,0.7816976753563201,53.03081966431979,1,High,1,0,0
19,Male,Bachelor,39,0.8123070240572658,45.33311190309836,1,Medium,0,0,1
19,Male,High School,21,0.932216623434182,49.84674005928711,0,Low,1,1,0
20,Female,PhD,23,0.7934682532794535,83.86327249130673,0,Low,0,0,0
23,Male,PhD,18,0.7904751899440896,77.26501928510767,0,Low,0,1,1
20,Female,Master,36,0.9953395785328829,70.08108817920123,0,High,0,0,0
23,Female,PhD,38,0.878365083534284,66.12994300767224,0,Medium,1,0,1
16,Female,Bachelor,20,0.7211469027255677,90.73388560108685,0,Medium,0,0,0
24,Female,Bachelor,7,0.8536985000164639,44.00042212782676,1,Medium,1,0,0
21,Male,High School,27,0.6946152358458942,55.43304472808538,1,Low,1,1,1
18,Female,High School,4,0.6144377312417495,59.24658194638927,1,Medium,1,1,0
23,Male,PhD,16,0.7984259384438797,83.03341967170333,1,Low,1,1,1
24,Female,Master,36,0.9640910490569757,94.58830410890843,1,Medium,1,1,1
21,Female,PhD,35,0.9645697600077314,53.23687831164342,1,Low,0,0,1
22,Male,PhD,18,0.6709526390527452,88.08690337753944,0,Medium,0,0,0
16,Male,PhD,26,0.7638387331108475,85.68425182374853,1,High,0,1,0
20,Male,PhD,33,0.6058179492849306,52.35615687029716,0,High,0,1,1
20,Female,Bachelor,10,0.9978155547494417,61.96329191095724,0,Low,0,0,0
19,Female,Master,44,0.9905589539339679,62.53200781108855,1,Low,1,0,1
21,Male,Bachelor,46,0.8247544648537237,93.80213676896071,1,Medium,1,1,1
22,Male,Master,11,0.9022070298387367,49.94905457583941,1,Medium,0,1,0
24,Male,High School,20,0.85755008064185,83.95368841076302,1,High,0,1,1
16,Male,PhD,10,0.7965791095197341,58.38059927952105,1,Medium,0,0,0
21,Female,Bachelor,38,0.5266739984944488,80.19786901768882,1,Low,1,1,1
22,Male,Master,27,0.7273821712763305,63.10060523626146,1,Low,1,1,1
18,Male,High School,4,0.8373931510837053,71.8097869714097,0,Low,1,1,0
23,Male,High School,16,0.8387658069418423,85.79364753293721,1,Low,0,1,1
20,Male,PhD,19,0.6865613092111917,84.22910607411363,1,Low,0,1,0
24,Female,Master,40,0.9708459933290152,87.65327509468351,0,High,0,0,1
20,Male,Bachelor,45,0.5836785161183905,43.278952893956244,1,High,0,1,1
24,Female,PhD,11,0.7501797231077802,78.06278041718596,1,Low,1,0,1
19,Male,Bachelor,5,0.8454419882754114,47.69930571969696,0,Medium,0,1,0
24,Male,High School,16,0.8485679029459046,62.87002124101261,1,Low,0,1,0
20,Female,Bachelor,18,0.8243194783844078,70.17236282800786,1,High,0,1,0
24,Male,Bachelor,25,0.6376441067259301,62.15067166107569,1,Low,1,0,0
18,Female,PhD,47,0.5781032843433109,68.57864216916542,1,High,1,0,1
19,Female,Bachelor,43,0.8179701634133554,94.80894698392405,1,High,0,0,1
24,Male,PhD,43,0.7996510580697189,47.43695225420701,1,Low,1,1,1
21,Female,High School,31,0.5896780051446204,77.1500824935034,0,Low,1,1,1
17,Female,PhD,5,0.8525695727852817,61.78005315120883,1,Medium,1,0,1
22,Female,PhD,35,0.7275859958668283,47.315538939903085,1,High,1,0,1
17,Female,Master,37,0.8338802958015765,48.730521985587025,0,Medium,1,1,1
17,Female,Bachelor,10,0.9186835398850753,92.21002084350893,0,Low,0,0,1
16,Female,High School,32,0.5848642142884616,88.37808231914691,1,High,0,1,1
18,Female,PhD,23,0.5095724339984183,89.8873078228262,0,Medium,0,0,1
21,Female,High School,22,0.8895512931978934,94.53430267050626,1,Medium,1,0,1
23,Male,Master,14,0.804848712576308,51.457346450468485,1,Medium,1,0,0
24,Male,Bachelor,26,0.8498197848110609,59.5491635550234,0,Low,1,1,1
22,Female,PhD,10,0.9190774874943213,76.80704664586767,1,Low,1,1,1
19,Male,Bachelor,49,0.9014054674122502,66.6091396923356,1,Low,0,0,1
21,Female,Master,16,0.9804600734644123,63.01142433580834,0,High,0,1,1
20,Female,Master,13,0.7679675394260591,59.679618713457614,0,Low,0,1,0
23,Male,High School,26,0.7442478163299526,72.65793475688987,0,High,0,1,0
16,Female,PhD,17,0.700943599945365,71.65763857520452,0,Medium,0,1,0
16,Female,High School,27,0.5768455214221022,48.880180873533206,1,Medium,0,0,0
21,Female,Master,46,0.7863036164410112,65.94569106351415,0,Low,1,1,0
17,Female,Bachelor,46,0.6385062621629893,70.44094769154174,0,Medium,1,1,1
20,Male,High School,3,0.9606537561064877,71.36578163022648,0,Low,0,0,0
16,Female,High School,6,0.7915954021385487,51.55589561017935,0,High,1,1,0
22,Female,Bachelor,44,0.796420090254055,80.82492657387577,0,Medium,0,1,1
16,Female,High School,34,0.677462330438505,41.38595021515883,1,Low,0,1,0
19,Male,Bachelor,47,0.5259946759888537,59.51575205487394,0,Medium,1,0,1
24,Female,PhD,8,0.5158718826864943,82.91169566945985,1,Medium,0,0,1
16,Male,Bachelor,7,0.7116675720765988,71.01411065804713,0,Low,0,1,0
19,Male,PhD,44,0.542282689048619,54.36393378809731,0,Medium,0,1,1
21,Female,Bachelor,16,0.8034234777700695,78.22242156386763,0,Medium,1,0,1
21,Female,Master,16,0.9404865028198287,71.20650192858403,0,Medium,1,0,1
23,Male,Master,48,0.9414574082593611,83.79339852010129,0,Medium,1,0,1
16,Female,PhD,32,0.8295227050661163,80.42638524044028,0,High,1,1,1
22,Male,PhD,31,0.6056159157364656,73.5559357119929,0,Medium,0,1,1
16,Male,Master,7,0.931498415679436,66.84977214209476,0,Medium,1,0,0
22,Female,PhD,18,0.9430467176566041,47.32501691171379,1,Low,1,1,0
18,Female,Bachelor,37,0.5983267924764794,54.37331598369611,0,High,1,1,0
23,Male,Bachelor,2,0.8687130428853387,63.05047101043969,1,Low,0,1,0
18,Male,Master,4,0.6432597744635615,72.96146078535138,0,Low,1,1,0
16,Male,High School,12,0.9013201561764648,68.25393203684176,1,Low,1,1,1
23,Male,Bachelor,46,0.9986189499518013,55.85014892777412,0,High,0,1,1
18,Female,PhD,45,0.5150130026646964,40.35553967843408,0,Low,0,1,0
17,Female,High School,30,0.948682932895466,67.29315720454477,0,Low,0,0,1
16,Female,High School,15,0.8113152667993291,55.709429370923374,1,Low,0,0,0
18,Female,Bachelor,49,0.9866913095824106,80.40345653907943,1,Medium,1,0,1
17,Female,Bachelor,31,0.7325047587632139,41.317044589876595,1,Low,0,0,0
17,Male,High School,21,0.9236939652856868,72.16552962181851,1,High,1,0,1
21,Female,High School,28,0.5311970342991386,91.7810830628336,0,High,1,0,1
16,Female,Master,21,0.6676395250391478,49.59250969113248,0,Medium,1,0,0
17,Female,PhD,42,0.533508268875605,65.94072199128274,0,High,1,0,1
21,Female,Master,2,0.9876715667395353,45.0282095499426,1,High,1,0,1
18,Female,Bachelor,9,0.9084869536359184,74.41250517437439,0,Medium,0,1,0
19,Male,Master,41,0.9262737106229852,70.27924243279242,1,Low,1,1,1
16,Male,Master,20,0.9689826157169471,62.40510383170578,1,Medium,1,0,1
23,Male,Master,15,0.5425517430598927,68.67573618105577,1,Low,1,1,0
22,Female,Master,11,0.6927987962566666,89.31160621579556,1,Low,0,1,1
22,Male,PhD,1,0.535517444522001,50.79618662710869,1,High,1,0,0
18,Male,PhD,40,0.6053965507750143,41.241048143794096,0,Medium,1,0,1
18,Female,High School,23,0.6146828885188362,87.39156865845055,1,High,0,0,1
17,Female,Bachelor,34,0.7345536055237893,71.74143953133486,1,High,1,1,1
16,Female,Master,29,0.6342810837268213,88.98621505040134,0,Low,1,1,0
22,Male,High School,29,0.5504890534088805,72.8319872877245,1,High,0,0,1
22,Male,High School,46,0.5837455445470539,84.55885994778365,1,Medium,1,1,1
17,Female,High School,34,0.5736377817760454,63.632034984533135,0,High,1,1,1
22,Female,PhD,18,0.9865383989561491,81.24229622085478,0,High,1,1,1
23,Male,Master,49,0.8796462534592369,90.21728067894207,0,Low,1,0,1
16,Male,Master,7,0.9838807326347809,71.46676300472134,1,Medium,1,1,1
24,Female,Bachelor,25,0.7198702432539543,49.943183280930874,0,High,0,1,0
22,Female,Master,48,0.6391842408313283,54.7838688266609,0,Low,0,1,0
18,Male,Master,39,0.8991465986045933,50.92545172935732,0,High,0,1,1
